{"files":{"bg3-b1cb71f1ecc896cfcd3504ff49be9e732ffc9e3378abffd3b4fd8be85d4aaf6f.jpg":{"logical_path":"bg3.jpg","mtime":"2017-04-26T23:04:04+05:30","size":11524,"digest":"b1cb71f1ecc896cfcd3504ff49be9e732ffc9e3378abffd3b4fd8be85d4aaf6f","integrity":"sha256-sctx8ezIls/NNQT/Sb6ecy/8njN4q//TtP2L6F1Kr28="},"HELP-US-OUT-3034ebb0f7c42896648f5303e3499cd7dfe4db010f9578ff45fb42af2884ed6b.txt":{"logical_path":"HELP-US-OUT.txt","mtime":"2017-04-26T23:04:04+05:30","size":323,"digest":"3034ebb0f7c42896648f5303e3499cd7dfe4db010f9578ff45fb42af2884ed6b","integrity":"sha256-MDTrsPfEKJZkj1MD40mc19/k2wEPlXj/RftCryiE7Ws="},"fonts/FontAwesome-444dd4366615ffc4a16d012b2fa90137065d3ccb410fa6fd5e4ddd7b5e4ffcd5.otf":{"logical_path":"fonts/FontAwesome.otf","mtime":"2017-04-26T23:04:04+05:30","size":134808,"digest":"444dd4366615ffc4a16d012b2fa90137065d3ccb410fa6fd5e4ddd7b5e4ffcd5","integrity":"sha256-RE3UNmYV/8ShbQErL6kBNwZdPMtBD6b9Xk3de15P/NU="},"fonts/fontawesome-webfont-7bfcab6db99d5cfbf1705ca0536ddc78585432cc5fa41bbd7ad0f009033b2979.eot":{"logical_path":"fonts/fontawesome-webfont.eot","mtime":"2017-04-26T23:04:04+05:30","size":165742,"digest":"7bfcab6db99d5cfbf1705ca0536ddc78585432cc5fa41bbd7ad0f009033b2979","integrity":"sha256-e/yrbbmdXPvxcFygU23ceFhUMsxfpBu9etDwCQM7KXk="},"fonts/fontawesome-webfont-ad6157926c1622ba4e1d03d478f1541368524bfc46f51e42fe0d945f7ef323e4.svg":{"logical_path":"fonts/fontawesome-webfont.svg","mtime":"2017-04-26T23:04:04+05:30","size":444379,"digest":"ad6157926c1622ba4e1d03d478f1541368524bfc46f51e42fe0d945f7ef323e4","integrity":"sha256-rWFXkmwWIrpOHQPUePFUE2hSS/xG9R5C/g2UX37zI+Q="},"fonts/fontawesome-webfont-aa58f33f239a0fb02f5c7a6c45c043d7a9ac9a093335806694ecd6d4edc0d6a8.ttf":{"logical_path":"fonts/fontawesome-webfont.ttf","mtime":"2017-04-26T23:04:04+05:30","size":165548,"digest":"aa58f33f239a0fb02f5c7a6c45c043d7a9ac9a093335806694ecd6d4edc0d6a8","integrity":"sha256-qljzPyOaD7AvXHpsRcBD16msmgkzNYBmlOzW1O3A1qg="},"fonts/fontawesome-webfont-ba0c59deb5450f5cb41b3f93609ee2d0d995415877ddfa223e8a8a7533474f07.woff":{"logical_path":"fonts/fontawesome-webfont.woff","mtime":"2017-04-26T23:04:04+05:30","size":98024,"digest":"ba0c59deb5450f5cb41b3f93609ee2d0d995415877ddfa223e8a8a7533474f07","integrity":"sha256-ugxZ3rVFD1y0Gz+TYJ7i0NmVQVh33foiPoqKdTNHTwc="},"fonts/fontawesome-webfont-2adefcbc041e7d18fcf2d417879dc5a09997aa64d675b7a3c4b6ce33da13f3fe.woff2":{"logical_path":"fonts/fontawesome-webfont.woff2","mtime":"2017-04-26T23:04:04+05:30","size":77160,"digest":"2adefcbc041e7d18fcf2d417879dc5a09997aa64d675b7a3c4b6ce33da13f3fe","integrity":"sha256-Kt78vAQefRj88tQXh53FoJmXqmTWdbejxLbOM9oT8/4="},"less/animated-c7035423d5a1e03d36bcfd6465481e4c4d5c91f316fa878a6e5103afe1b0bbf6.less":{"logical_path":"less/animated.less","mtime":"2017-04-26T23:04:04+05:30","size":713,"digest":"c7035423d5a1e03d36bcfd6465481e4c4d5c91f316fa878a6e5103afe1b0bbf6","integrity":"sha256-xwNUI9Wh4D02vP1kZUgeTE1ckfMW+oeKblEDr+Gwu/Y="},"less/bordered-pulled-e3d168a292ba33d4e3215919963a304dc25732a73cebdde6e7ebe4d47ab43eb6.less":{"logical_path":"less/bordered-pulled.less","mtime":"2017-04-26T23:04:04+05:30","size":585,"digest":"e3d168a292ba33d4e3215919963a304dc25732a73cebdde6e7ebe4d47ab43eb6","integrity":"sha256-49FoopK6M9TjIVkZljowTcJXMqc8693m5+vk1Hq0PrY="},"less/core-a4a93d598134f656ac6c7a0a5f375afa941e71e348e68ecf3cd6feb7616acf9e.less":{"logical_path":"less/core.less","mtime":"2017-04-26T23:04:04+05:30","size":452,"digest":"a4a93d598134f656ac6c7a0a5f375afa941e71e348e68ecf3cd6feb7616acf9e","integrity":"sha256-pKk9WYE09lasbHoKXzda+pQeceNI5o7PPNb+t2Fqz54="},"less/fixed-width-0ef853a3192742d207ea0e793dc8bcc6322dcb9e50d41f4b981c4ebac2dac7ac.less":{"logical_path":"less/fixed-width.less","mtime":"2017-04-26T23:04:04+05:30","size":119,"digest":"0ef853a3192742d207ea0e793dc8bcc6322dcb9e50d41f4b981c4ebac2dac7ac","integrity":"sha256-DvhToxknQtIH6g55Pci8xjIty55Q1B9LmBxOusLax6w="},"less/font-awesome-2df62305a8a14e09ecad58a155a478f1c8c11318f405360be683219f62b3ea24.less":{"logical_path":"less/font-awesome.less","mtime":"2017-04-26T23:04:04+05:30","size":495,"digest":"2df62305a8a14e09ecad58a155a478f1c8c11318f405360be683219f62b3ea24","integrity":"sha256-LfYjBaihTgnsrVihVaR48cjBExj0BTYL5oMhn2Kz6iQ="},"less/icons-4d585eeee98f4826c547e030a690690ea56a4dede806fc8176342abecd06fea1.less":{"logical_path":"less/icons.less","mtime":"2017-04-26T23:04:04+05:30","size":49712,"digest":"4d585eeee98f4826c547e030a690690ea56a4dede806fc8176342abecd06fea1","integrity":"sha256-TVhe7umPSCbFR+AwppBpDqVqTe3oBvyBdjQqvs0G/qE="},"less/larger-dfc79d4325804e9ade21ab65145b23b1c4193d24a893690bc47b5c0739ca3c0a.less":{"logical_path":"less/larger.less","mtime":"2017-04-26T23:04:04+05:30","size":370,"digest":"dfc79d4325804e9ade21ab65145b23b1c4193d24a893690bc47b5c0739ca3c0a","integrity":"sha256-38edQyWATpreIatlFFsjscQZPSSok2kLxHtcBznKPAo="},"less/list-024abb930e6669f215ddee19f58077571f1cabb7aee1274bf96b226c296b73d3.less":{"logical_path":"less/list.less","mtime":"2017-04-26T23:04:04+05:30","size":377,"digest":"024abb930e6669f215ddee19f58077571f1cabb7aee1274bf96b226c296b73d3","integrity":"sha256-Akq7kw5mafIV3e4Z9YB3Vx8cq7eu4SdL+WsibClrc9M="},"less/mixins-65c4bb7138772043fafd2167b74c0fd7ac15e57ba7877adecde4b0992950670c.less":{"logical_path":"less/mixins.less","mtime":"2017-04-26T23:04:04+05:30","size":1603,"digest":"65c4bb7138772043fafd2167b74c0fd7ac15e57ba7877adecde4b0992950670c","integrity":"sha256-ZcS7cTh3IEP6/SFnt0wP16wV5Xunh3rezeSwmSlQZww="},"less/path-a0dcbbcd3976f59116268c109767c3b98fe358872f6e9fc1a0d26a337d272b8f.less":{"logical_path":"less/path.less","mtime":"2017-04-26T23:04:04+05:30","size":771,"digest":"a0dcbbcd3976f59116268c109767c3b98fe358872f6e9fc1a0d26a337d272b8f","integrity":"sha256-oNy7zTl29ZEWJowQl2fDuY/jWIcvbp/BoNJqM30nK48="},"less/rotated-flipped-d67df95488eec84d2d0caf79727825a8ff4b2df90c604151783e3ec2388dad38.less":{"logical_path":"less/rotated-flipped.less","mtime":"2017-04-26T23:04:04+05:30","size":622,"digest":"d67df95488eec84d2d0caf79727825a8ff4b2df90c604151783e3ec2388dad38","integrity":"sha256-1n35VIjuyE0tDK95cnglqP9LLfkMYEFReD4+wjiNrTg="},"less/screen-reader-b32ff7821a7b0a649f9202a02eeb8ce88fe671eb52d61ece50aabdbce21110c6.less":{"logical_path":"less/screen-reader.less","mtime":"2017-04-26T23:04:04+05:30","size":118,"digest":"b32ff7821a7b0a649f9202a02eeb8ce88fe671eb52d61ece50aabdbce21110c6","integrity":"sha256-sy/3ghp7CmSfkgKgLuuM6I/mcetS1h7OUKq9vOIREMY="},"less/stacked-3f9de6c3e0f1a2bc71579a417d7c415f82f2a3d3f4792161a8588bb8bdd75450.less":{"logical_path":"less/stacked.less","mtime":"2017-04-26T23:04:04+05:30","size":476,"digest":"3f9de6c3e0f1a2bc71579a417d7c415f82f2a3d3f4792161a8588bb8bdd75450","integrity":"sha256-P53mw+DxorxxV5pBfXxBX4Lyo9P0eSFhqFiLuL3XVFA="},"less/variables-e3717422976292d8fdc4b2a9ed02b8d0be55ad50b86e9bff74761e5ccf94b839.less":{"logical_path":"less/variables.less","mtime":"2017-04-26T23:04:04+05:30","size":22563,"digest":"e3717422976292d8fdc4b2a9ed02b8d0be55ad50b86e9bff74761e5ccf94b839","integrity":"sha256-43F0Ipdiktj9xLKp7QK40L5VrVC4bpv/dHYeXM+UuDk="},"logo/logo1-6b8792ee406ef3185e53a2fc61fce788cf6c3ba0c6a05649c188bcf71ca62f7e.png":{"logical_path":"logo/logo1.png","mtime":"2017-04-26T23:04:04+05:30","size":192624,"digest":"6b8792ee406ef3185e53a2fc61fce788cf6c3ba0c6a05649c188bcf71ca62f7e","integrity":"sha256-a4eS7kBu8xheU6L8YfzniM9sO6DGoFZJwYi89xymL34="},"logo/logo2-a03bb1821d0ea558fc6cfed4fe773bce477e93ba51e2b5910bef68a7f34d3dfb.png":{"logical_path":"logo/logo2.png","mtime":"2017-04-26T23:04:04+05:30","size":62172,"digest":"a03bb1821d0ea558fc6cfed4fe773bce477e93ba51e2b5910bef68a7f34d3dfb","integrity":"sha256-oDuxgh0OpVj8bP7U/nc7zkd+k7pR4rWRC+9op/NNPfs="},"logo/logo3-06936c479b52aede6098445c86612dd859982e8a819ca5187e209d5132d0d6a3.png":{"logical_path":"logo/logo3.png","mtime":"2017-04-26T23:04:04+05:30","size":9843,"digest":"06936c479b52aede6098445c86612dd859982e8a819ca5187e209d5132d0d6a3","integrity":"sha256-BpNsR5tSrt5gmERchmEt2FmYLoqBnKUYfiCdUTLQ1qM="},"logo/logo4-485555898bd845e18568958640c97c7e27aee438fbaa0132795f8dee2996cb03.png":{"logical_path":"logo/logo4.png","mtime":"2017-04-26T23:04:04+05:30","size":71952,"digest":"485555898bd845e18568958640c97c7e27aee438fbaa0132795f8dee2996cb03","integrity":"sha256-SFVViYvYReGFaJWGQMl8fieu5Dj7qgEyeV+N7imWywM="},"responsive-1c291a7ea4e47b5371eeab433bd7ac25ff5e5d97942a116f35eb3cf182d40170.png":{"logical_path":"responsive.png","mtime":"2017-04-26T23:04:04+05:30","size":85343,"digest":"1c291a7ea4e47b5371eeab433bd7ac25ff5e5d97942a116f35eb3cf182d40170","integrity":"sha256-HCkafqTke1Nx7qtDO9esJf9eXZeUKhFvNes88YLUAXA="},"team/team1-992f245c8c0c263dfa971d2cb11225d55ffea6518562e5afbe039482d572a335.png":{"logical_path":"team/team1.png","mtime":"2017-04-26T23:04:04+05:30","size":30548,"digest":"992f245c8c0c263dfa971d2cb11225d55ffea6518562e5afbe039482d572a335","integrity":"sha256-mS8kXIwMJj36lx0ssRIl1V/+plGFYuWvvgOUgtVyozU="},"team/team2-0ec53afc94606a16a6f620ddaa1df13c23ce1be39b5a8db9a2b92e1b6a6933b4.png":{"logical_path":"team/team2.png","mtime":"2017-04-26T23:04:04+05:30","size":29113,"digest":"0ec53afc94606a16a6f620ddaa1df13c23ce1be39b5a8db9a2b92e1b6a6933b4","integrity":"sha256-DsU6/JRgaham9iDdqh3xPCPOG+ObWo25orkuG2ppM7Q="},"application-196abc67372f0168894181cf76bb782acc23739339fbd7d7ef1b4366ef2e89a9.js":{"logical_path":"application.js","mtime":"2017-05-09T19:10:12+05:30","size":503089,"digest":"196abc67372f0168894181cf76bb782acc23739339fbd7d7ef1b4366ef2e89a9","integrity":"sha256-GWq8ZzcvAWiJQYHPdrt4Kswjc5M5+9fX7xtDZu8uiak="},"application-59724319517193d0bc4b0e25130ad2dbb2d5e866e516b044560fad63ab5316b6.css":{"logical_path":"application.css","mtime":"2017-05-09T19:43:35+05:30","size":401083,"digest":"59724319517193d0bc4b0e25130ad2dbb2d5e866e516b044560fad63ab5316b6","integrity":"sha256-WXJDGVFxk9C8Sw4lEwrS27LV6GblFrBEVg+tY6tTFrY="},"application-43c4cea9af044ab146852058f1a7b95754f2ed823700bfa35db27094f8714fc4.css":{"logical_path":"application.css","mtime":"2017-05-11T01:22:39+05:30","size":405129,"digest":"43c4cea9af044ab146852058f1a7b95754f2ed823700bfa35db27094f8714fc4","integrity":"sha256-Q8TOqa8ESrFGhSBY8ae5V1Ty7YI3AL+jXbJwlPhxT8Q="},"application-d264103ee010e073f263df27512c13ae2d9f432ed2ebfa85a2ddeee7bd9c5b02.css":{"logical_path":"application.css","mtime":"2017-05-11T18:11:44+05:30","size":405323,"digest":"d264103ee010e073f263df27512c13ae2d9f432ed2ebfa85a2ddeee7bd9c5b02","integrity":"sha256-0mQQPuAQ4HPyY98nUSwTri2fQy7S6/qFot3u572cWwI="},"application-366dfc77685dc3814e9a61d73fe559572cf8a5110edd7d8ed7bc094978c3f05c.js":{"logical_path":"application.js","mtime":"2017-05-13T18:42:46+05:30","size":503120,"digest":"366dfc77685dc3814e9a61d73fe559572cf8a5110edd7d8ed7bc094978c3f05c","integrity":"sha256-Nm38d2hdw4FOmmHXP+VZVyz4pREO3X2O17wJSXjD8Fw="},"application-7fed9d471a6e2e0d912b3c6907b038e5072e620087bfd21823832a6ed423f9e3.css":{"logical_path":"application.css","mtime":"2017-05-13T12:42:12+05:30","size":406005,"digest":"7fed9d471a6e2e0d912b3c6907b038e5072e620087bfd21823832a6ed423f9e3","integrity":"sha256-f+2dRxpuLg2RKzxpB7A45QcuYgCHv9IYI4MqbtQj+eM="},"application-86773be6cbb6556a05b1e6e3a9d289e2d9541e965f09bb6c44ee81f8f3c0449d.css":{"logical_path":"application.css","mtime":"2017-05-13T18:43:54+05:30","size":406107,"digest":"86773be6cbb6556a05b1e6e3a9d289e2d9541e965f09bb6c44ee81f8f3c0449d","integrity":"sha256-hnc75su2VWoFsebjqdKJ4tlUHpZfCbtsRO6B+PPARJ0="},"images/bg3-b1cb71f1ecc896cfcd3504ff49be9e732ffc9e3378abffd3b4fd8be85d4aaf6f.jpg":{"logical_path":"images/bg3.jpg","mtime":"2017-04-26T23:04:04+05:30","size":11524,"digest":"b1cb71f1ecc896cfcd3504ff49be9e732ffc9e3378abffd3b4fd8be85d4aaf6f","integrity":"sha256-sctx8ezIls/NNQT/Sb6ecy/8njN4q//TtP2L6F1Kr28="}},"assets":{"bg3.jpg":"bg3-b1cb71f1ecc896cfcd3504ff49be9e732ffc9e3378abffd3b4fd8be85d4aaf6f.jpg","HELP-US-OUT.txt":"HELP-US-OUT-3034ebb0f7c42896648f5303e3499cd7dfe4db010f9578ff45fb42af2884ed6b.txt","fonts/FontAwesome.otf":"fonts/FontAwesome-444dd4366615ffc4a16d012b2fa90137065d3ccb410fa6fd5e4ddd7b5e4ffcd5.otf","fonts/fontawesome-webfont.eot":"fonts/fontawesome-webfont-7bfcab6db99d5cfbf1705ca0536ddc78585432cc5fa41bbd7ad0f009033b2979.eot","fonts/fontawesome-webfont.svg":"fonts/fontawesome-webfont-ad6157926c1622ba4e1d03d478f1541368524bfc46f51e42fe0d945f7ef323e4.svg","fonts/fontawesome-webfont.ttf":"fonts/fontawesome-webfont-aa58f33f239a0fb02f5c7a6c45c043d7a9ac9a093335806694ecd6d4edc0d6a8.ttf","fonts/fontawesome-webfont.woff":"fonts/fontawesome-webfont-ba0c59deb5450f5cb41b3f93609ee2d0d995415877ddfa223e8a8a7533474f07.woff","fonts/fontawesome-webfont.woff2":"fonts/fontawesome-webfont-2adefcbc041e7d18fcf2d417879dc5a09997aa64d675b7a3c4b6ce33da13f3fe.woff2","less/animated.less":"less/animated-c7035423d5a1e03d36bcfd6465481e4c4d5c91f316fa878a6e5103afe1b0bbf6.less","less/bordered-pulled.less":"less/bordered-pulled-e3d168a292ba33d4e3215919963a304dc25732a73cebdde6e7ebe4d47ab43eb6.less","less/core.less":"less/core-a4a93d598134f656ac6c7a0a5f375afa941e71e348e68ecf3cd6feb7616acf9e.less","less/fixed-width.less":"less/fixed-width-0ef853a3192742d207ea0e793dc8bcc6322dcb9e50d41f4b981c4ebac2dac7ac.less","less/font-awesome.less":"less/font-awesome-2df62305a8a14e09ecad58a155a478f1c8c11318f405360be683219f62b3ea24.less","less/icons.less":"less/icons-4d585eeee98f4826c547e030a690690ea56a4dede806fc8176342abecd06fea1.less","less/larger.less":"less/larger-dfc79d4325804e9ade21ab65145b23b1c4193d24a893690bc47b5c0739ca3c0a.less","less/list.less":"less/list-024abb930e6669f215ddee19f58077571f1cabb7aee1274bf96b226c296b73d3.less","less/mixins.less":"less/mixins-65c4bb7138772043fafd2167b74c0fd7ac15e57ba7877adecde4b0992950670c.less","less/path.less":"less/path-a0dcbbcd3976f59116268c109767c3b98fe358872f6e9fc1a0d26a337d272b8f.less","less/rotated-flipped.less":"less/rotated-flipped-d67df95488eec84d2d0caf79727825a8ff4b2df90c604151783e3ec2388dad38.less","less/screen-reader.less":"less/screen-reader-b32ff7821a7b0a649f9202a02eeb8ce88fe671eb52d61ece50aabdbce21110c6.less","less/stacked.less":"less/stacked-3f9de6c3e0f1a2bc71579a417d7c415f82f2a3d3f4792161a8588bb8bdd75450.less","less/variables.less":"less/variables-e3717422976292d8fdc4b2a9ed02b8d0be55ad50b86e9bff74761e5ccf94b839.less","logo/logo1.png":"logo/logo1-6b8792ee406ef3185e53a2fc61fce788cf6c3ba0c6a05649c188bcf71ca62f7e.png","logo/logo2.png":"logo/logo2-a03bb1821d0ea558fc6cfed4fe773bce477e93ba51e2b5910bef68a7f34d3dfb.png","logo/logo3.png":"logo/logo3-06936c479b52aede6098445c86612dd859982e8a819ca5187e209d5132d0d6a3.png","logo/logo4.png":"logo/logo4-485555898bd845e18568958640c97c7e27aee438fbaa0132795f8dee2996cb03.png","responsive.png":"responsive-1c291a7ea4e47b5371eeab433bd7ac25ff5e5d97942a116f35eb3cf182d40170.png","team/team1.png":"team/team1-992f245c8c0c263dfa971d2cb11225d55ffea6518562e5afbe039482d572a335.png","team/team2.png":"team/team2-0ec53afc94606a16a6f620ddaa1df13c23ce1be39b5a8db9a2b92e1b6a6933b4.png","application.js":"application-366dfc77685dc3814e9a61d73fe559572cf8a5110edd7d8ed7bc094978c3f05c.js","application.css":"application-86773be6cbb6556a05b1e6e3a9d289e2d9541e965f09bb6c44ee81f8f3c0449d.css","images/bg3.jpg":"images/bg3-b1cb71f1ecc896cfcd3504ff49be9e732ffc9e3378abffd3b4fd8be85d4aaf6f.jpg"}}